期号,日期,前区1,前区2,前区3,前区4,前区5,后区1,后区2
23099,2023-08-28,09,11,13,22,23,06,07
23098,2023-08-26,02,07,15,30,34,05,09
23097,2023-08-23,06,07,18,20,22,03,09
23096,2023-08-21,06,07,14,21,31,03,10
23095,2023-08-19,08,19,28,32,34,03,07
23094,2023-08-16,12,19,22,28,32,08,12
23093,2023-08-14,11,14,17,19,21,01,05
23092,2023-08-12,03,16,21,26,32,03,12
23091,2023-08-09,06,16,18,28,29,07,11
23090,2023-08-07,08,11,12,19,35,11,12
23089,2023-08-05,03,12,20,26,35,02,12
23088,2023-08-02,08,14,16,22,24,09,12
23087,2023-07-31,03,04,16,19,24,04,05
23086,2023-07-29,03,11,15,20,35,07,11
23085,2023-07-26,11,12,26,31,35,05,07
23084,2023-07-24,03,05,08,24,32,07,08
23083,2023-07-22,13,15,21,25,32,09,10
23082,2023-07-19,02,08,09,15,20,03,09
23081,2023-07-17,05,06,23,28,35,07,10
23080,2023-07-15,01,02,09,16,30,01,11
23079,2023-07-12,06,08,26,29,34,05,08
23078,2023-07-10,02,03,06,26,27,07,08
23077,2023-07-08,05,16,18,26,35,03,06
23076,2023-07-05,08,09,11,26,34,02,07
23075,2023-07-03,07,17,20,23,32,05,11
23074,2023-07-01,03,13,22,29,34,02,09
23073,2023-06-28,15,25,28,30,35,08,10
23072,2023-06-26,05,06,09,11,14,02,04
23071,2023-06-24,02,11,12,32,34,10,12
23070,2023-06-21,10,26,29,32,33,03,11
23069,2023-06-19,08,20,21,25,32,05,07
23068,2023-06-17,21,22,24,27,31,07,08
23067,2023-06-14,02,28,30,33,35,02,10
23066,2023-06-12,06,11,13,30,32,01,03
23065,2023-06-10,08,14,16,21,25,03,12
23064,2023-06-07,02,06,09,31,32,03,07
23063,2023-06-05,04,18,29,31,34,06,09
23062,2023-06-03,06,08,22,24,30,01,08
23061,2023-05-31,07,11,21,30,32,05,07
23060,2023-05-29,02,07,19,24,30,09,12
23059,2023-05-27,09,13,23,25,28,04,07
23058,2023-05-24,19,22,29,32,35,05,08
23057,2023-05-22,01,05,06,19,24,05,11
23056,2023-05-20,13,22,24,33,34,01,02
23055,2023-05-17,06,08,12,13,15,01,06
23054,2023-05-15,19,25,30,31,34,07,09
23053,2023-05-13,01,03,11,14,20,02,11
23052,2023-05-10,02,08,11,30,33,05,08
23051,2023-05-08,03,11,19,29,33,03,12
23050,2023-05-06,08,09,14,25,29,04,06
23049,2023-05-03,03,17,22,26,28,07,12
23048,2023-05-01,07,13,16,25,32,09,11
23047,2023-04-29,10,12,13,24,25,11,12
23046,2023-04-26,13,21,25,28,32,02,10
23045,2023-04-24,07,10,13,28,31,04,05
23044,2023-04-22,02,06,07,08,15,07,10
23043,2023-04-19,02,04,17,20,27,01,08
23042,2023-04-17,02,16,21,23,27,01,08
23041,2023-04-15,05,08,13,26,35,05,09
23040,2023-04-12,04,05,18,22,30,05,12
23069,2023-06-19,08,20,21,25,32,05,07
23068,2023-06-17,21,22,24,27,31,07,08
23067,2023-06-14,02,28,30,33,35,02,10
23066,2023-06-12,06,11,13,30,32,01,03
23065,2023-06-10,08,14,16,21,25,03,12
23064,2023-06-07,02,06,09,31,32,03,07
23063,2023-06-05,04,18,29,31,34,06,09
23062,2023-06-03,06,08,22,24,30,01,08
23061,2023-05-31,07,11,21,30,32,05,07
23060,2023-05-29,02,07,19,24,30,09,12
23059,2023-05-27,09,13,23,25,28,04,07
23058,2023-05-24,19,22,29,32,35,05,08
23057,2023-05-22,01,05,06,19,24,05,11
23056,2023-05-20,13,22,24,33,34,01,02
23055,2023-05-17,06,08,12,13,15,01,06
23054,2023-05-15,19,25,30,31,34,07,09
23053,2023-05-13,01,03,11,14,20,02,11
23052,2023-05-10,02,08,11,30,33,05,08
23051,2023-05-08,03,11,19,29,33,03,12
23050,2023-05-06,08,09,14,25,29,04,06
23049,2023-05-03,03,17,22,26,28,07,12
23048,2023-05-01,07,13,16,25,32,09,11
23047,2023-04-29,10,12,13,24,25,11,12
23046,2023-04-26,13,21,25,28,32,02,10
23045,2023-04-24,07,10,13,28,31,04,05
23044,2023-04-22,02,06,07,08,15,07,10
23043,2023-04-19,02,04,17,20,27,01,08
23042,2023-04-17,02,16,21,23,27,01,08
23041,2023-04-15,05,08,13,26,35,05,09
23040,2023-04-12,04,05,18,22,30,05,12
23039,2023-04-10,02,24,26,30,34,06,07
23038,2023-04-08,04,10,18,27,32,10,12
23037,2023-04-05,06,08,16,20,24,07,08
23036,2023-04-03,01,13,22,26,31,02,10
23035,2023-04-01,07,14,23,25,29,02,11
23034,2023-03-29,07,09,10,15,24,04,12
23033,2023-03-27,04,06,10,11,25,07,09
23032,2023-03-25,05,06,18,28,30,02,07
23031,2023-03-22,05,07,08,16,25,03,11
23030,2023-03-20,06,11,12,20,35,05,12
23029,2023-03-18,07,25,27,34,35,09,11
23028,2023-03-15,01,03,29,30,34,04,12
23027,2023-03-13,09,10,12,15,23,03,06
23026,2023-03-11,02,13,24,27,30,01,06
23025,2023-03-08,03,09,27,30,31,11,12
23024,2023-03-06,11,15,24,27,30,01,10
23023,2023-03-04,09,21,23,25,33,03,10
23022,2023-03-01,07,11,15,26,28,08,10
23021,2023-02-27,02,09,18,23,27,03,05
23020,2023-02-25,05,06,23,25,28,06,09
23019,2023-02-22,05,08,09,11,15,06,08
23018,2023-02-20,04,08,17,26,30,03,11
23017,2023-02-18,02,05,09,22,27,10,11
23016,2023-02-15,02,04,12,31,32,07,11
23015,2023-02-13,08,16,24,25,34,08,12
23014,2023-02-11,03,08,18,22,24,01,09
23013,2023-02-08,01,02,09,23,25,02,06
23012,2023-02-06,07,16,17,18,28,02,03
23011,2023-02-04,02,07,08,17,25,01,03
23010,2023-02-01,05,06,13,23,26,01,06
23009,2023-01-30,01,05,11,15,33,01,10
23008,2023-01-18,04,09,17,22,25,01,05
23007,2023-01-16,02,03,24,30,32,01,06
23006,2023-01-14,02,04,12,27,35,06,07
23005,2023-01-11,01,03,10,20,29,06,11
23004,2023-01-09,04,13,15,20,22,04,08
23003,2023-01-07,05,06,14,21,22,02,09
23002,2023-01-04,11,14,21,26,27,02,07
23001,2023-01-02,18,19,24,27,34,11,12
22150,2022-12-31,06,07,26,29,30,03,12
22149,2022-12-28,15,19,22,26,28,02,07
22148,2022-12-26,04,05,06,26,27,07,12
22147,2022-12-24,04,12,22,28,30,09,11
22146,2022-12-21,01,21,23,28,35,07,09
22145,2022-12-19,10,20,29,30,35,06,09
22144,2022-12-17,03,04,08,15,21,04,07
22143,2022-12-14,10,13,14,27,33,07,08
22142,2022-12-12,07,12,14,29,35,01,11
22141,2022-12-10,05,06,14,24,25,02,04
22140,2022-12-07,05,15,25,26,29,04,12
22139,2022-12-05,01,13,14,22,35,02,05
22138,2022-12-03,05,13,16,27,33,07,12
22137,2022-11-30,05,06,08,15,20,07,08
22136,2022-11-28,01,11,15,17,33,03,11
22135,2022-11-26,09,10,27,31,32,01,03
22134,2022-11-23,03,16,23,27,32,03,06
22133,2022-11-21,01,02,14,30,31,06,09
22132,2022-11-19,02,27,30,34,35,09,12
22131,2022-11-16,02,06,08,10,17,05,06
22130,2022-11-14,05,07,15,18,23,05,10
22129,2022-11-12,10,17,23,34,35,01,04
22128,2022-11-09,10,19,21,23,35,04,10
22127,2022-11-07,02,03,08,09,20,04,10
22126,2022-11-05,04,05,08,22,35,01,03
22125,2022-11-02,03,07,14,16,19,01,11
22124,2022-10-31,02,04,11,25,30,06,12
22123,2022-10-29,02,20,28,29,30,07,10
22122,2022-10-26,04,15,17,19,25,06,12
22121,2022-10-24,04,15,16,20,21,04,05
22120,2022-10-22,11,22,26,30,33,03,05
22119,2022-10-19,01,09,16,25,29,04,09
22118,2022-10-17,02,05,15,17,26,02,08
22117,2022-10-15,09,12,15,21,32,02,07
22116,2022-10-12,01,07,20,22,31,07,12
22115,2022-10-10,17,19,20,23,27,03,08
22114,2022-10-08,11,21,24,27,28,05,10
22113,2022-10-05,13,15,22,31,33,05,12
22112,2022-09-28,04,11,18,20,26,06,12
22111,2022-09-26,06,12,16,19,31,06,10
22110,2022-09-24,02,13,16,18,23,03,06
22109,2022-09-21,05,09,24,29,35,05,12
22108,2022-09-19,04,07,13,26,28,07,11
22107,2022-09-17,07,09,19,28,29,08,10
22106,2022-09-14,16,17,21,28,32,04,07
22105,2022-09-12,01,08,09,21,22,01,04
22104,2022-09-10,03,05,13,19,25,02,05
22103,2022-09-07,08,12,16,21,32,01,12
22102,2022-09-05,01,05,14,20,30,02,04
22101,2022-09-03,02,04,06,07,08,03,06
22100,2022-08-31,10,19,20,23,31,03,07
22099,2022-08-29,07,18,25,27,33,04,05
22098,2022-08-27,01,03,06,11,13,03,11
22097,2022-08-24,05,13,22,28,29,05,11
22096,2022-08-22,16,19,24,27,33,01,06
22095,2022-08-20,05,08,22,25,35,02,07
22094,2022-08-17,03,04,07,12,19,02,05
22093,2022-08-15,07,11,14,21,29,07,10
22092,2022-08-13,01,04,12,23,29,05,12
22091,2022-08-10,02,11,20,22,34,04,12
22090,2022-08-08,01,20,24,25,31,09,12
22089,2022-08-06,01,20,21,31,33,03,11
22088,2022-08-03,01,08,10,20,35,06,11
22087,2022-08-01,04,06,10,24,28,06,12
22086,2022-07-30,04,10,21,28,31,08,11
22085,2022-07-27,11,16,31,33,35,06,08
22084,2022-07-25,03,11,19,25,27,04,12
22083,2022-07-23,02,09,17,26,32,04,06
22082,2022-07-20,04,26,27,30,33,02,09
22081,2022-07-18,05,10,19,31,32,09,10
22080,2022-07-16,10,17,30,31,34,03,06
22079,2022-07-13,07,10,19,26,32,08,12
22078,2022-07-11,02,03,18,20,27,01,02
22077,2022-07-09,05,10,11,16,19,01,10
22076,2022-07-06,05,17,30,34,35,02,09
22075,2022-07-04,04,12,13,17,18,07,09
22074,2022-07-02,02,06,21,25,28,02,06
22073,2022-06-29,11,18,21,25,32,02,04
22072,2022-06-27,01,12,13,15,30,03,07
22071,2022-06-25,09,15,19,25,29,08,09
22070,2022-06-22,01,07,17,23,35,07,11
22069,2022-06-20,02,03,23,28,35,02,09
22068,2022-06-18,03,06,10,15,23,03,08
22067,2022-06-15,04,14,15,32,33,10,11
22066,2022-06-13,02,24,25,26,34,03,12
22065,2022-06-11,05,10,13,22,28,01,04
22064,2022-06-08,02,19,22,25,35,05,07
22063,2022-06-06,02,03,22,26,31,06,10
22062,2022-06-04,05,09,11,12,31,07,11
22061,2022-06-01,06,09,19,22,30,01,06
22060,2022-05-30,02,06,10,11,20,03,09
22059,2022-05-28,04,15,18,32,34,04,09
22058,2022-05-25,03,04,24,26,35,07,08
22057,2022-05-23,06,12,18,21,35,07,10
22056,2022-05-21,02,11,15,17,31,07,09
22055,2022-05-18,01,02,12,15,23,04,06
22054,2022-05-16,05,16,21,23,34,07,10
22053,2022-05-14,09,17,19,20,25,01,09
22052,2022-05-11,01,13,18,29,35,04,09
22051,2022-05-09,01,16,17,19,33,05,06
22050,2022-05-07,02,10,21,24,30,08,10
22049,2022-05-04,06,10,20,28,35,01,10
22048,2022-05-02,16,22,28,29,32,08,09
22047,2022-04-30,07,10,11,12,33,03,11
22046,2022-04-27,06,07,12,22,27,03,05
22045,2022-04-25,02,03,07,12,20,01,05
22044,2022-04-23,01,02,16,17,20,03,07
22043,2022-04-20,02,16,17,24,30,09,12
22042,2022-04-18,08,10,11,29,32,02,06
22041,2022-04-16,05,15,25,26,33,06,11
22040,2022-04-13,10,19,25,29,33,08,12
22039,2022-04-11,01,08,11,22,31,05,11
22038,2022-04-09,07,09,11,12,26,09,12
22037,2022-04-06,01,09,17,20,28,06,10
22036,2022-04-04,18,19,21,26,34,06,07
22035,2022-04-02,09,11,13,23,31,05,08
22034,2022-03-30,02,10,24,27,28,06,07
22033,2022-03-28,08,15,16,19,33,03,04
22032,2022-03-26,05,09,18,31,32,01,05
22031,2022-03-23,07,14,16,20,28,04,08
22030,2022-03-21,12,14,15,21,30,01,09
22029,2022-03-19,07,08,10,14,17,10,12
22028,2022-03-16,04,09,16,17,35,01,07
22027,2022-03-14,03,06,11,31,32,05,12
22026,2022-03-12,11,14,22,23,27,08,10
22025,2022-03-09,04,07,22,24,29,01,07
22024,2022-03-07,01,02,11,30,35,01,12
22023,2022-03-05,04,05,18,20,25,11,12
22022,2022-03-02,01,05,14,17,28,06,07
22021,2022-02-28,11,15,16,18,35,06,09
22020,2022-02-26,16,17,30,31,35,08,09
22019,2022-02-23,01,04,07,17,21,01,02
22018,2022-02-21,16,21,29,31,34,06,09
22017,2022-02-19,10,14,18,23,25,07,11
22016,2022-02-16,01,07,17,26,32,01,09
22015,2022-02-14,01,02,08,12,30,05,12
22014,2022-02-12,01,04,10,18,32,01,09
22013,2022-02-09,04,09,16,25,32,05,06
22012,2022-01-26,03,05,10,33,34,07,10
22011,2022-01-24,03,05,17,24,32,05,12
22010,2022-01-22,04,19,25,31,35,02,11
22009,2022-01-19,13,14,18,31,33,07,10
22008,2022-01-17,01,02,13,18,34,06,07
22007,2022-01-15,05,22,23,25,35,03,11
22006,2022-01-12,01,05,07,17,20,05,12
22005,2022-01-10,02,13,17,19,34,05,09
22004,2022-01-08,07,20,27,30,33,03,04
22003,2022-01-05,02,18,24,25,34,08,12
22002,2022-01-03,04,06,07,09,24,04,12
22001,2022-01-01,08,11,19,22,29,03,11
21150,2021-12-29,04,10,11,23,26,07,10
21149,2021-12-27,20,26,28,30,35,10,11
21148,2021-12-25,01,04,12,16,29,04,08
21147,2021-12-22,01,02,08,12,26,01,07
21146,2021-12-20,03,05,08,18,20,09,11
21145,2021-12-18,03,08,25,29,30,01,06
21144,2021-12-15,03,20,25,30,34,02,09
21143,2021-12-13,09,17,19,29,34,04,11
21142,2021-12-11,11,13,17,19,25,02,09
21141,2021-12-08,02,08,16,29,34,05,12
21140,2021-12-06,05,24,26,33,35,09,12
21139,2021-12-04,05,13,18,23,34,08,09
21138,2021-12-01,09,11,12,15,31,05,11
21137,2021-11-29,02,07,13,14,19,04,05
21136,2021-11-27,08,12,19,27,33,02,05
21135,2021-11-24,04,07,17,29,31,05,06
21134,2021-11-22,02,06,14,19,28,01,06
21133,2021-11-20,08,09,17,26,28,06,08
21132,2021-11-17,04,21,28,29,33,03,11
21131,2021-11-15,06,08,16,34,35,05,06
21130,2021-11-13,02,03,14,27,28,05,10
21129,2021-11-10,02,16,17,18,34,04,10
21128,2021-11-08,14,17,18,23,27,05,08
21127,2021-11-06,01,02,15,17,26,02,11
21126,2021-11-03,01,11,12,34,35,09,12
21125,2021-11-01,17,19,21,27,31,04,09
21124,2021-10-30,10,17,22,25,35,07,09
21123,2021-10-27,08,23,26,27,33,08,09
21122,2021-10-25,14,15,26,27,29,04,05
21121,2021-10-23,02,15,19,29,30,02,09
21120,2021-10-20,05,10,21,25,31,05,11
21119,2021-10-18,01,02,09,16,30,09,10
21118,2021-10-16,14,17,18,28,34,02,03
21117,2021-10-13,11,18,21,22,33,05,06
21116,2021-10-11,04,25,28,29,35,03,11
21115,2021-10-09,08,13,19,20,29,06,10
21114,2021-10-06,08,09,13,29,30,01,11
21113,2021-09-29,17,18,25,27,28,04,08
21112,2021-09-27,18,21,22,23,35,11,12
21111,2021-09-25,07,08,15,19,28,08,09
21110,2021-09-22,11,14,29,31,32,11,12
21109,2021-09-20,03,04,07,27,31,06,09
21108,2021-09-18,05,19,22,26,35,02,06
21107,2021-09-15,03,05,13,20,25,07,11
21106,2021-09-13,02,13,14,32,34,02,12
21105,2021-09-11,07,10,11,17,18,04,09
21104,2021-09-08,23,25,26,30,33,03,11
21103,2021-09-06,04,10,23,30,31,05,11
21102,2021-09-04,02,08,11,16,23,02,07
21101,2021-09-01,13,18,19,27,32,06,11
21100,2021-08-30,07,11,23,26,28,02,07
21099,2021-08-28,15,19,27,28,30,03,04
21098,2021-08-25,02,07,21,27,33,07,09
21097,2021-08-23,11,26,30,31,33,03,10
21096,2021-08-21,07,08,10,20,21,01,05
21095,2021-08-18,10,15,19,20,30,11,12
21094,2021-08-16,05,06,24,27,33,05,12
21093,2021-08-14,20,25,27,28,31,08,11
21092,2021-08-11,12,14,27,28,34,03,07
21091,2021-08-09,01,04,10,21,29,03,05
21090,2021-08-07,06,07,19,26,32,06,12
21089,2021-08-04,01,17,24,28,35,10,12
21088,2021-08-02,02,14,31,34,35,01,07
21087,2021-07-31,10,14,15,25,28,03,10
21086,2021-07-28,02,03,07,16,17,06,10
21085,2021-07-26,01,12,15,26,35,10,11
21084,2021-07-24,02,10,14,30,33,06,09
21083,2021-07-21,07,09,11,26,35,01,08
21082,2021-07-19,01,14,22,29,33,03,10
21081,2021-07-17,05,13,24,29,35,07,08
21080,2021-07-14,15,16,20,29,30,06,10
21079,2021-07-12,06,14,19,26,33,08,11
21078,2021-07-10,02,08,17,19,25,01,05
21077,2021-07-07,02,06,09,21,25,06,08
21076,2021-07-05,06,13,22,25,26,02,04
21075,2021-07-03,06,14,15,17,20,01,05
21074,2021-06-30,11,14,18,20,25,03,07
21073,2021-06-28,08,12,14,20,24,06,10
21072,2021-06-26,02,03,15,22,26,03,11
21071,2021-06-23,08,11,16,29,35,01,04
21070,2021-06-21,03,20,21,22,24,06,12
21069,2021-06-19,01,03,24,32,33,04,06
21068,2021-06-16,02,20,21,26,30,02,10
21067,2021-06-14,01,04,22,23,34,08,09
21066,2021-06-12,24,26,29,34,35,09,11
21065,2021-06-09,23,25,30,31,35,07,08
21064,2021-06-07,01,17,19,32,34,06,10
21063,2021-06-05,05,09,14,29,30,09,11
21062,2021-06-02,04,06,23,32,34,05,07
21061,2021-05-31,15,19,20,26,32,04,07
21060,2021-05-29,09,13,25,31,33,03,07
21059,2021-05-26,04,16,27,28,35,02,09
21058,2021-05-24,13,15,17,23,34,01,11
21057,2021-05-22,05,07,19,20,28,05,07
21056,2021-05-19,03,11,16,21,26,09,10
21055,2021-05-17,03,06,10,11,24,10,11
21054,2021-05-15,03,06,17,20,25,03,09
21053,2021-05-12,03,06,15,17,35,07,11
21052,2021-05-10,02,11,13,14,30,09,12
21051,2021-05-08,01,04,14,16,19,03,04
21050,2021-05-05,09,22,32,33,35,05,10
21049,2021-05-03,01,10,22,23,25,02,12
21048,2021-05-01,04,07,17,21,27,10,12
21047,2021-04-28,01,06,09,25,33,04,08
21046,2021-04-26,06,08,12,14,18,06,08
21045,2021-04-24,01,04,06,11,19,07,09
21044,2021-04-21,06,18,31,33,35,10,11
21043,2021-04-19,07,12,17,19,34,01,10
21042,2021-04-17,09,15,20,23,29,04,05
21041,2021-04-14,02,05,09,11,32,04,09
21040,2021-04-12,02,03,09,16,19,03,07
21039,2021-04-10,04,12,14,21,35,02,11
21038,2021-04-07,09,11,20,29,32,01,07
21037,2021-04-05,10,21,27,29,33,04,12
21036,2021-04-03,08,17,25,28,33,07,11
21035,2021-03-31,05,11,16,30,32,03,04
21034,2021-03-29,08,10,14,25,34,07,08
21033,2021-03-27,01,03,05,30,32,01,05
21032,2021-03-24,01,11,14,34,35,07,10
21031,2021-03-22,01,04,19,20,34,03,05
21030,2021-03-20,18,23,25,26,32,02,07
21029,2021-03-17,02,06,10,32,33,04,07
21028,2021-03-15,02,03,05,17,29,04,10
21027,2021-03-13,09,21,22,26,30,04,12
21026,2021-03-10,07,11,20,24,27,01,11
21025,2021-03-08,17,18,23,30,31,10,12
21024,2021-03-06,11,14,21,24,31,02,10
21023,2021-03-03,07,09,13,16,32,02,09
21022,2021-03-01,02,12,22,30,33,02,04
21021,2021-02-27,16,18,29,33,35,09,12
21020,2021-02-24,07,21,22,30,33,04,06
21019,2021-02-22,01,12,13,28,29,03,04
21018,2021-02-20,02,20,23,26,34,05,10
21017,2021-02-08,17,21,26,29,32,02,07
21016,2021-02-06,08,09,10,19,34,01,02
21015,2021-02-03,04,08,17,19,25,01,07
21014,2021-02-01,07,13,20,27,29,04,09
21013,2021-01-30,21,27,28,30,34,08,11
21012,2021-01-27,06,12,20,23,33,01,09
21011,2021-01-25,06,09,11,14,21,01,03
21010,2021-01-23,01,05,16,22,34,08,11
21009,2021-01-20,01,03,20,29,32,05,12
21008,2021-01-18,05,19,20,27,33,03,08
21007,2021-01-16,05,23,30,34,35,08,10
21006,2021-01-13,04,22,25,28,35,04,05
21005,2021-01-11,03,07,10,12,35,03,05
21004,2021-01-09,05,10,17,23,28,02,08
21003,2021-01-06,07,21,28,31,35,04,10
21002,2021-01-04,02,16,26,31,34,09,11
21001,2021-01-02,02,06,12,19,33,08,09
20134,2020-12-30,08,11,13,22,25,04,07
20133,2020-12-28,11,24,26,33,35,08,09
20132,2020-12-26,03,15,16,17,21,07,10
20131,2020-12-23,08,25,27,29,35,02,03
20130,2020-12-21,16,17,23,26,32,02,12
20129,2020-12-19,10,22,27,33,34,01,11
20128,2020-12-16,09,12,13,26,33,04,10
20127,2020-12-14,01,04,17,18,26,03,10
20126,2020-12-12,01,04,09,22,28,04,12
20125,2020-12-09,01,02,03,08,22,01,04
20124,2020-12-07,11,15,24,26,35,04,05
20123,2020-12-05,01,07,11,15,21,04,11
20122,2020-12-02,08,19,29,34,35,06,11
20121,2020-11-30,09,17,27,28,35,03,08
20120,2020-11-28,05,25,26,30,35,04,10
20119,2020-11-25,14,22,24,28,32,07,08
20118,2020-11-23,01,09,15,30,33,04,09
20117,2020-11-21,07,19,20,23,24,05,10
20116,2020-11-18,08,10,12,16,22,03,09
20115,2020-11-16,01,09,18,19,23,01,09
20114,2020-11-14,10,12,21,24,30,03,07
20113,2020-11-11,06,14,18,28,33,02,05
20112,2020-11-09,08,11,13,30,32,02,06
20111,2020-11-07,05,07,09,20,28,02,07
20110,2020-11-04,11,16,20,21,28,05,11
20109,2020-11-02,02,20,21,23,32,06,12
20108,2020-10-31,02,03,06,07,33,08,09
20107,2020-10-28,01,04,13,17,28,03,07
20106,2020-10-26,02,03,11,14,27,04,10
20105,2020-10-24,03,08,12,13,22,04,12
20104,2020-10-21,03,12,23,26,30,04,07
20103,2020-10-19,07,12,13,19,23,02,08
20102,2020-10-17,07,11,18,20,29,09,12
20101,2020-10-14,03,04,05,09,34,07,09
20100,2020-10-12,04,05,08,22,33,07,10
20099,2020-10-10,02,03,11,15,27,04,12
20098,2020-10-07,04,09,15,24,35,04,10
20097,2020-10-05,05,25,27,30,34,06,12
20096,2020-09-30,07,08,10,25,28,03,11
20095,2020-09-28,02,18,25,26,32,02,07
20094,2020-09-26,04,06,07,08,16,02,08
20093,2020-09-23,06,14,25,27,28,04,11
20092,2020-09-21,08,11,17,31,35,07,11
20091,2020-09-19,12,16,20,23,31,05,12
20090,2020-09-16,05,06,27,28,29,11,12
20089,2020-09-14,13,16,20,22,27,01,02
20088,2020-09-12,02,07,23,26,35,01,12
20087,2020-09-09,01,04,20,23,29,04,08
20086,2020-09-07,08,11,15,20,28,04,10
20085,2020-09-05,03,04,11,15,28,02,03
20084,2020-09-02,02,10,20,24,31,06,12
20083,2020-08-31,01,02,17,32,34,04,09
20082,2020-08-29,02,11,12,21,34,04,08
20081,2020-08-26,01,13,15,32,35,08,10
20080,2020-08-24,03,06,22,24,25,09,10
20079,2020-08-22,04,16,24,29,35,02,12
20078,2020-08-19,14,18,20,28,34,10,11
20077,2020-08-17,17,23,28,29,32,01,03
20076,2020-08-15,01,08,18,28,30,10,12
20075,2020-08-12,02,09,10,21,35,01,07
20074,2020-08-10,03,09,10,12,21,04,11
20073,2020-08-08,04,10,12,23,27,08,09
20072,2020-08-05,11,15,18,20,27,05,06
20071,2020-08-03,01,12,16,28,33,03,12
20070,2020-08-01,01,22,30,31,32,04,12
20069,2020-07-29,05,07,26,30,31,07,10
20068,2020-07-27,15,20,23,26,33,02,08
20067,2020-07-25,01,08,14,16,28,04,10
20066,2020-07-22,06,14,21,34,35,03,10
20065,2020-07-20,13,15,26,32,33,05,07
20064,2020-07-18,05,10,23,34,35,01,11
20063,2020-07-15,11,18,20,21,33,06,07
20062,2020-07-13,01,05,14,23,31,02,07
20061,2020-07-11,07,08,12,21,26,01,06
20060,2020-07-08,12,14,25,34,35,03,12
20059,2020-07-06,01,15,22,28,32,03,11
20058,2020-07-04,01,15,19,26,27,05,10
20057,2020-07-01,17,20,21,22,31,02,08
20056,2020-06-29,03,11,25,29,34,03,06
20055,2020-06-27,03,04,12,18,34,10,12
20054,2020-06-24,11,14,15,19,20,03,07
20053,2020-06-22,02,15,18,21,27,03,06
20052,2020-06-20,09,11,26,28,35,06,07
20051,2020-06-17,02,07,09,19,33,01,07
20050,2020-06-15,03,14,16,22,34,02,06
20049,2020-06-13,03,11,15,22,30,08,10
20048,2020-06-10,03,09,10,15,16,07,09
20047,2020-06-08,04,18,27,28,30,03,10
20046,2020-06-06,15,24,27,30,34,04,12
20045,2020-06-03,02,09,16,23,27,03,08
20044,2020-06-01,01,03,22,28,30,02,05
20043,2020-05-30,12,13,17,31,32,01,06
20042,2020-05-27,03,04,05,11,22,05,06
20041,2020-05-25,07,13,20,29,34,04,07
20040,2020-05-23,02,17,20,28,29,01,07
20039,2020-05-20,01,05,15,22,31,02,09
20038,2020-05-18,04,15,20,22,24,01,09
20037,2020-05-16,01,04,10,11,14,02,05
20036,2020-05-13,01,05,11,12,26,02,07
20035,2020-05-11,10,11,22,26,28,02,04
20034,2020-05-09,11,13,20,27,31,02,04
20033,2020-05-06,07,19,20,31,34,05,08
20032,2020-05-04,02,03,09,16,32,03,04
20031,2020-05-02,01,02,05,15,21,04,05
20030,2020-04-29,01,08,17,27,30,05,06
20029,2020-04-27,11,14,17,22,30,07,09
20028,2020-04-25,04,05,28,34,35,01,08
20027,2020-04-22,04,07,20,25,32,03,09
20026,2020-04-20,03,15,26,32,34,08,12
20025,2020-04-18,02,14,21,22,26,05,07
20024,2020-04-15,03,05,06,24,30,03,07
20023,2020-04-13,04,11,23,26,30,01,06
20022,2020-04-11,04,14,20,28,35,02,03
20021,2020-04-08,10,12,24,31,33,04,09
20020,2020-04-06,08,10,12,26,32,05,09
20019,2020-04-04,01,12,22,23,33,01,12
20018,2020-04-01,09,14,16,24,26,04,12
20017,2020-03-30,01,06,07,09,10,02,11
20016,2020-03-28,04,08,19,31,35,01,02
20015,2020-03-25,01,07,23,24,26,03,07
20014,2020-03-23,03,07,09,17,21,03,06
20013,2020-03-21,01,04,05,11,35,03,09
20012,2020-03-18,01,06,18,32,34,01,03
20011,2020-03-16,02,13,19,22,23,02,07
20010,2020-03-14,01,08,13,24,32,02,09
20009,2020-01-20,19,29,31,34,35,06,10
20008,2020-01-18,14,17,19,24,32,01,06
20007,2020-01-15,02,10,19,24,30,05,08
20006,2020-01-13,09,22,25,31,32,08,12
20005,2020-01-11,06,10,33,34,35,01,03
20004,2020-01-08,17,20,21,29,30,05,09
20003,2020-01-06,23,25,26,30,34,03,07
20002,2020-01-04,03,07,18,25,30,02,07
20001,2020-01-01,17,25,26,32,34,04,07
19150,2019-12-30,07,11,12,16,33,05,07
19149,2019-12-28,01,02,07,33,35,06,10
19148,2019-12-25,03,04,07,11,30,08,09
19147,2019-12-23,09,12,19,22,33,07,08
19146,2019-12-21,10,11,26,33,34,01,06
19145,2019-12-18,05,09,19,22,32,03,05
19144,2019-12-16,02,05,20,28,31,02,11
19143,2019-12-14,04,22,23,24,32,06,12
19142,2019-12-11,03,04,26,29,33,06,07
19141,2019-12-09,02,10,20,21,35,01,12
19140,2019-12-07,03,07,08,25,27,03,05
19139,2019-12-04,01,05,07,08,11,06,10
19138,2019-12-02,04,06,07,20,29,02,04
19137,2019-11-30,03,05,12,13,26,07,12
19136,2019-11-27,03,16,20,26,29,03,09
19135,2019-11-25,04,05,19,25,26,01,11
19134,2019-11-23,05,06,07,14,17,10,11
19133,2019-11-20,03,12,24,27,34,01,12
19132,2019-11-18,03,05,06,13,18,10,12
19131,2019-11-16,05,06,14,27,29,06,10
19130,2019-11-13,01,13,20,21,26,04,10
19129,2019-11-11,10,13,18,23,30,06,12
19128,2019-11-09,20,21,25,34,35,03,12
19127,2019-11-06,04,07,08,11,16,09,11
19126,2019-11-04,05,09,16,18,30,04,07
19125,2019-11-02,05,08,09,14,34,02,05
19124,2019-10-30,07,17,26,27,30,06,12
19123,2019-10-28,03,13,15,26,30,05,12
19122,2019-10-26,05,19,25,31,33,10,11
19121,2019-10-23,01,02,03,07,17,04,10
19120,2019-10-21,06,15,17,22,25,01,09
19119,2019-10-19,03,06,09,23,34,02,11
19118,2019-10-16,02,03,13,19,26,02,03
19117,2019-10-14,01,18,21,25,35,07,08
19116,2019-10-12,02,10,16,21,23,02,12
19115,2019-10-09,01,18,21,28,32,05,12
19114,2019-09-30,03,05,07,20,23,04,11
19113,2019-09-28,03,11,27,34,35,01,02
19112,2019-09-25,03,10,16,21,33,05,06
19111,2019-09-23,06,15,20,23,27,08,10
19110,2019-09-21,01,19,23,24,30,04,05
19109,2019-09-18,02,07,08,20,25,11,12
19108,2019-09-16,24,27,28,31,34,04,08
19107,2019-09-14,05,09,19,27,35,02,03
19106,2019-09-11,05,08,10,32,35,02,10
19105,2019-09-09,01,04,09,14,17,01,06
19104,2019-09-07,02,07,19,22,28,03,05
19103,2019-09-04,05,12,22,27,32,04,07
19102,2019-09-02,05,10,15,19,31,03,06
19101,2019-08-31,05,11,18,19,27,05,06
19100,2019-08-28,05,08,12,19,21,06,11
19099,2019-08-26,04,06,18,27,33,07,09
19098,2019-08-24,13,15,17,19,22,03,04
19097,2019-08-21,10,17,20,30,35,10,12
19096,2019-08-19,02,12,22,23,27,02,06
19095,2019-08-17,03,12,17,19,31,02,06
19094,2019-08-14,01,12,14,26,27,07,09
19093,2019-08-12,16,17,26,29,35,01,07
19092,2019-08-10,02,11,15,27,30,02,05
19091,2019-08-07,04,13,20,26,28,03,12
19090,2019-08-05,13,19,28,30,33,02,12
19089,2019-08-03,09,14,18,33,34,03,12
19088,2019-07-31,01,05,18,27,33,06,08
19087,2019-07-29,05,06,18,19,27,07,12
19086,2019-07-27,05,15,16,28,31,02,07
19085,2019-07-24,04,05,06,15,26,08,11
19084,2019-07-22,12,23,25,34,35,01,07
19083,2019-07-20,17,24,26,28,32,07,09
19082,2019-07-17,06,18,20,21,31,03,04
19081,2019-07-15,06,24,26,30,33,02,07
19080,2019-07-13,05,13,18,19,24,02,07
19079,2019-07-10,10,13,16,28,35,04,05
19078,2019-07-08,05,10,21,26,30,01,07
19077,2019-07-06,01,15,17,21,33,07,10
19076,2019-07-03,01,06,11,23,29,01,11
19075,2019-07-01,05,06,07,11,16,02,11
19074,2019-06-29,08,09,13,14,34,05,07
19073,2019-06-26,04,11,19,20,24,08,11
19072,2019-06-24,02,04,06,09,18,07,10
19071,2019-06-22,07,13,14,15,22,07,11
19070,2019-06-19,02,13,15,22,34,02,12
19069,2019-06-17,08,22,23,33,34,04,06
19068,2019-06-15,04,05,08,17,27,06,11
19067,2019-06-12,03,08,11,15,16,02,10
19066,2019-06-10,04,10,11,18,31,05,08
19065,2019-06-08,03,08,10,23,27,02,12
19064,2019-06-05,07,08,13,19,29,11,12
19063,2019-06-03,05,08,15,18,21,04,08
19062,2019-06-01,05,16,23,25,28,01,12
19061,2019-05-29,01,02,13,14,26,05,11
19060,2019-05-27,01,11,12,18,21,08,10
19059,2019-05-25,07,08,15,27,32,08,12
19058,2019-05-22,03,10,13,14,32,07,11
19057,2019-05-20,08,14,16,34,35,06,12
19056,2019-05-18,01,07,10,12,23,06,08
19055,2019-05-15,02,04,06,19,22,02,06
19054,2019-05-13,02,18,23,27,30,05,10
19053,2019-05-11,01,11,19,26,35,11,12
19052,2019-05-08,04,10,15,20,24,07,11
19051,2019-05-06,11,15,16,20,29,04,08
19050,2019-05-04,04,15,16,20,35,03,12
19049,2019-05-01,10,16,22,26,27,07,11
19048,2019-04-29,06,10,16,29,33,05,11
19047,2019-04-27,03,04,10,16,32,04,09
19046,2019-04-24,02,08,14,15,35,10,12
19045,2019-04-22,01,04,16,19,33,03,12
19044,2019-04-20,03,06,10,12,31,01,02
19043,2019-04-17,02,06,07,12,15,06,12
19042,2019-04-15,04,10,13,28,33,11,12
19041,2019-04-13,12,19,20,22,28,02,06
19040,2019-04-10,01,03,31,32,34,01,03
19039,2019-04-08,01,12,18,26,35,06,12
19038,2019-04-06,05,11,16,18,27,07,12
19037,2019-04-03,06,16,26,33,35,04,08
19036,2019-04-01,03,09,21,28,30,01,12
19035,2019-03-30,01,03,05,07,18,08,09
19034,2019-03-27,08,12,15,27,30,01,02
19033,2019-03-25,01,02,04,16,24,07,09
19032,2019-03-23,01,04,07,11,30,07,08
19031,2019-03-20,03,08,21,26,33,04,05
19030,2019-03-18,07,09,13,14,33,02,04
19029,2019-03-16,01,04,18,24,28,02,03
19028,2019-03-13,06,22,28,29,33,02,07
19027,2019-03-11,16,18,24,25,27,02,07
19026,2019-03-09,10,12,15,17,19,02,03
19025,2019-03-06,06,13,16,19,29,03,07
19024,2019-03-04,11,17,19,29,33,08,09
19023,2019-03-02,01,03,14,26,30,06,11
19022,2019-02-27,01,04,14,15,21,01,05
19021,2019-02-25,07,13,17,24,33,01,10
19020,2019-02-23,01,08,16,27,34,03,12
19019,2019-02-20,04,11,19,25,32,01,02
19018,2019-02-18,03,18,19,26,34,06,12
19017,2019-02-16,01,05,07,22,25,03,04
19016,2019-02-13,03,05,13,16,28,02,06
19015,2019-02-11,02,05,10,13,30,04,06
19014,2019-02-02,12,14,20,28,31,09,11
19013,2019-01-30,08,10,15,17,18,01,08
19012,2019-01-28,05,09,17,18,19,07,10
19011,2019-01-26,04,12,13,16,17,04,09
19010,2019-01-23,03,07,24,25,27,02,12
19009,2019-01-21,03,09,15,18,26,06,12
19008,2019-01-19,03,08,17,20,24,06,11
19007,2019-01-16,03,12,16,29,32,01,05
19006,2019-01-14,14,17,19,25,30,04,08
19005,2019-01-12,21,26,27,29,34,05,06
19004,2019-01-09,15,16,17,31,32,03,09
19003,2019-01-07,04,08,18,20,32,10,12
19002,2019-01-05,02,07,14,22,31,01,07
19001,2019-01-02,06,18,23,26,28,03,12
18154,2018-12-31,14,22,23,26,30,03,05
18153,2018-12-29,03,06,07,08,21,01,08
18152,2018-12-26,02,04,05,12,28,08,11
18151,2018-12-24,04,08,18,29,30,03,07
18150,2018-12-22,05,12,13,31,34,10,12
18149,2018-12-19,01,07,10,11,20,03,06
18148,2018-12-17,02,06,24,33,34,02,03
18147,2018-12-15,01,11,26,33,35,02,10
18146,2018-12-12,03,08,09,13,33,01,02
18145,2018-12-10,09,18,29,31,33,06,11
18144,2018-12-08,06,17,18,24,31,07,11
18143,2018-12-05,04,07,20,22,33,01,02
18142,2018-12-03,19,24,28,29,34,10,11
18141,2018-12-01,03,07,23,26,33,04,09
18140,2018-11-28,01,06,08,12,15,03,04
18139,2018-11-26,05,11,16,28,35,06,09
18138,2018-11-24,01,23,24,28,33,04,05
18137,2018-11-21,07,10,22,23,33,08,11
18136,2018-11-19,03,11,12,19,21,05,11
18135,2018-11-17,14,19,23,27,34,06,12
18134,2018-11-14,04,05,19,31,35,02,12
18133,2018-11-12,08,12,14,15,19,01,10
18132,2018-11-10,03,16,22,23,27,01,04
18131,2018-11-07,12,14,21,32,33,02,11
18130,2018-11-05,03,04,16,18,25,01,11
18129,2018-11-03,04,07,21,22,29,03,06
18128,2018-10-31,11,12,14,16,26,08,09
18127,2018-10-29,01,03,04,11,29,08,12
18126,2018-10-27,11,13,15,21,27,05,06
18125,2018-10-24,07,16,20,21,34,04,06
18124,2018-10-22,08,10,12,19,20,10,11
18123,2018-10-20,06,09,29,32,35,02,04
18122,2018-10-17,08,09,21,30,31,05,12
18121,2018-10-15,06,07,21,29,30,01,10
18120,2018-10-13,21,22,25,27,30,08,09
18119,2018-10-10,06,09,11,16,35,02,05
18118,2018-10-08,04,05,14,21,34,06,09
18117,2018-10-06,07,11,13,22,29,03,08
18116,2018-10-03,01,14,17,21,33,07,10
18115,2018-10-01,02,06,13,18,25,01,02
18114,2018-09-29,12,18,26,28,29,05,06
18113,2018-09-26,08,12,27,31,33,04,08
18112,2018-09-24,03,07,08,09,29,09,10
18111,2018-09-22,03,16,27,28,32,04,05
18110,2018-09-19,06,19,21,27,28,03,11
18109,2018-09-17,10,16,23,25,34,02,05
18108,2018-09-15,09,10,24,31,32,07,12
18107,2018-09-12,07,08,09,10,22,03,04
18106,2018-09-10,04,14,17,24,31,01,04
18105,2018-09-08,01,16,19,20,31,02,07
18104,2018-09-05,01,13,14,26,28,07,11
18103,2018-09-03,14,24,26,28,35,02,03
18102,2018-09-01,06,07,13,22,24,10,12
18101,2018-08-29,03,14,15,23,29,04,05
18100,2018-08-27,06,20,21,26,30,06,09
18099,2018-08-25,12,13,16,20,21,01,07
18098,2018-08-22,02,15,18,25,27,05,07
18097,2018-08-20,10,12,14,18,23,01,04
18096,2018-08-18,13,14,20,28,34,06,10
18095,2018-08-15,07,14,18,29,35,05,12
18094,2018-08-13,11,16,25,30,34,08,10
18093,2018-08-11,03,11,16,18,33,03,11
18092,2018-08-08,05,07,14,18,19,04,10
18091,2018-08-06,06,22,26,28,31,01,07
18090,2018-08-04,06,20,24,33,34,04,11
18089,2018-08-01,26,27,28,32,34,06,10
18088,2018-07-30,08,09,21,25,33,01,08
18087,2018-07-28,03,14,19,23,25,01,04
18086,2018-07-25,16,22,24,29,31,04,05
18085,2018-07-23,01,02,14,25,31,05,07
18084,2018-07-21,06,11,17,22,35,11,12
18083,2018-07-18,07,12,25,27,28,10,11
18082,2018-07-16,01,02,14,17,18,08,10
18081,2018-07-14,02,10,13,21,35,01,12
18080,2018-07-11,07,16,24,26,31,10,11
18079,2018-07-09,03,04,10,27,29,01,05
18078,2018-07-07,07,11,12,22,30,03,06
18077,2018-07-04,01,06,09,15,26,08,09
18076,2018-07-02,07,18,28,29,32,06,08
18075,2018-06-30,01,06,12,20,34,04,12
18074,2018-06-27,03,09,12,28,30,04,12
18073,2018-06-25,13,19,24,25,29,02,08
18072,2018-06-23,05,12,17,24,26,01,02
18071,2018-06-20,02,05,23,30,31,03,09
18070,2018-06-18,02,05,10,16,30,04,07
18069,2018-06-16,01,08,13,21,24,02,11
18068,2018-06-13,08,12,16,26,33,05,06
18067,2018-06-11,03,07,12,18,31,07,10
18066,2018-06-09,01,20,23,32,33,01,04
18065,2018-06-06,07,10,28,31,32,08,10
18064,2018-06-04,01,03,04,11,29,02,04
18063,2018-06-02,05,14,15,32,34,03,10
18062,2018-05-30,12,14,19,23,35,02,07
18061,2018-05-28,04,10,12,28,31,08,11
18060,2018-05-26,04,22,27,29,31,02,10
18059,2018-05-23,01,09,10,27,35,06,11
18058,2018-05-21,09,11,12,26,32,04,10
18057,2018-05-19,13,19,22,27,28,05,06
18056,2018-05-16,02,04,16,28,34,05,07
18055,2018-05-14,03,07,20,33,34,09,10
18054,2018-05-12,09,10,12,20,30,01,07
18053,2018-05-09,11,16,21,23,25,02,12
18052,2018-05-07,05,16,18,19,25,02,07
18051,2018-05-05,09,18,28,29,35,03,11
18050,2018-05-02,22,24,26,34,35,06,12
18049,2018-04-30,04,07,09,10,13,06,12
18048,2018-04-28,02,03,11,20,25,02,07
18047,2018-04-25,03,08,10,14,20,04,08
18046,2018-04-23,10,20,22,29,32,05,10
18045,2018-04-21,02,05,20,30,35,05,09
18044,2018-04-18,02,04,06,18,21,05,08
18043,2018-04-16,03,06,13,28,33,04,11
18042,2018-04-14,03,19,25,29,35,05,09
18041,2018-04-11,01,23,25,31,33,01,12
18040,2018-04-09,05,07,18,27,31,01,08
18039,2018-04-07,02,07,14,29,32,10,11
18038,2018-04-04,14,23,25,31,32,01,03
18037,2018-04-02,01,03,27,30,31,02,11
18036,2018-03-31,11,17,18,21,27,07,08
18035,2018-03-28,05,07,10,12,24,07,11
18034,2018-03-26,08,11,22,27,32,03,07
18033,2018-03-24,02,03,19,23,34,04,09
18032,2018-03-21,07,10,17,32,35,05,12
18031,2018-03-19,03,08,13,17,23,05,11
18030,2018-03-17,05,18,21,28,32,09,11
18029,2018-03-14,03,09,21,25,29,01,08
18028,2018-03-12,04,19,25,30,35,04,07
18027,2018-03-10,01,18,20,21,26,04,11
18026,2018-03-07,01,02,03,04,30,03,05
18025,2018-03-05,07,08,09,15,34,07,08
18024,2018-03-03,02,16,24,30,32,04,07
18023,2018-02-28,12,13,18,21,29,02,08
18022,2018-02-26,02,10,19,33,35,05,06
18021,2018-02-24,05,06,08,09,15,04,11
18020,2018-02-14,01,10,13,14,21,09,12
18019,2018-02-12,10,11,19,21,28,05,12
18018,2018-02-10,06,08,13,24,28,06,12
18017,2018-02-07,04,19,21,23,31,04,09
18016,2018-02-05,01,02,12,13,23,09,12
18015,2018-02-03,04,13,15,18,29,05,11
18014,2018-01-31,14,16,18,24,31,01,08
18013,2018-01-29,08,24,31,33,35,07,10
18012,2018-01-27,03,22,24,29,34,07,11
18011,2018-01-24,03,13,15,23,26,01,10
18010,2018-01-22,24,25,26,28,29,04,12
18009,2018-01-20,10,12,28,30,34,03,04
18008,2018-01-17,09,15,17,20,22,10,11
18007,2018-01-15,03,04,28,31,34,04,11
18006,2018-01-13,19,20,30,32,33,03,05
18005,2018-01-10,04,09,23,24,30,08,11
18004,2018-01-08,04,09,22,28,30,01,10
18003,2018-01-06,04,21,23,24,30,09,10
18002,2018-01-03,12,20,23,27,34,01,06
18001,2018-01-01,01,13,22,25,35,03,04
17153,2017-12-30,01,09,24,26,34,09,12
17152,2017-12-27,02,04,07,23,28,02,08
17151,2017-12-25,05,06,23,28,32,04,05
17150,2017-12-23,03,06,10,13,18,09,11
17149,2017-12-20,10,18,19,25,26,04,12
17148,2017-12-18,19,27,31,32,35,11,12
17147,2017-12-16,05,16,17,25,34,01,11
17146,2017-12-13,01,05,11,14,35,09,10
17145,2017-12-11,04,07,17,18,19,03,10
17144,2017-12-09,03,21,23,29,32,10,11
17143,2017-12-06,06,09,24,29,32,02,07
17142,2017-12-04,01,05,16,19,28,02,10
17141,2017-12-02,02,08,21,22,29,03,05
17140,2017-11-29,10,16,25,26,29,01,05
17139,2017-11-27,02,06,19,25,32,09,12
17138,2017-11-25,04,07,09,20,25,02,11
17137,2017-11-22,01,20,22,28,29,05,07
17136,2017-11-20,01,11,20,21,22,03,04
17135,2017-11-18,01,12,15,19,22,02,04
17134,2017-11-15,07,18,19,32,34,02,10
17133,2017-11-13,15,17,19,32,33,01,03
17132,2017-11-11,11,17,23,26,27,01,10
17131,2017-11-08,03,05,08,19,34,01,12
17130,2017-11-06,05,18,28,33,34,03,04
17129,2017-11-04,05,17,20,32,33,04,09
17128,2017-11-01,09,11,13,18,33,02,03
17127,2017-10-30,02,15,18,21,22,03,10
17126,2017-10-28,03,04,13,24,33,01,11
17125,2017-10-25,07,11,18,26,28,04,05
17124,2017-10-23,03,29,30,32,35,03,08
17123,2017-10-21,03,15,23,26,32,01,12
17122,2017-10-18,03,12,18,29,34,03,11
17121,2017-10-16,01,06,12,26,31,01,07
17120,2017-10-14,08,15,24,26,27,05,06
17119,2017-10-11,05,07,13,29,35,03,08
17118,2017-10-09,02,07,16,20,33,03,11
17117,2017-10-07,05,07,09,24,32,08,10
17116,2017-10-04,02,27,30,32,33,01,03
17115,2017-10-02,14,19,20,25,31,06,08
17114,2017-09-30,06,07,12,18,23,01,12
17113,2017-09-27,05,08,17,18,23,04,12
17112,2017-09-25,05,06,20,31,32,06,12
17111,2017-09-23,02,14,17,26,34,08,12
17110,2017-09-20,10,14,20,21,35,02,05
17109,2017-09-18,06,09,19,26,34,05,07
17108,2017-09-16,01,04,15,21,22,04,09
17107,2017-09-13,04,10,19,25,27,06,12
17106,2017-09-11,09,12,18,23,29,02,04
17105,2017-09-09,04,15,22,24,32,02,09
17104,2017-09-06,09,11,22,27,30,09,11
17103,2017-09-04,04,19,20,24,29,03,04
17102,2017-09-02,01,12,23,24,29,08,12
17101,2017-08-30,05,15,21,25,29,05,08
17100,2017-08-28,02,05,18,19,31,01,09
17099,2017-08-26,08,09,17,18,24,03,07
17098,2017-08-23,06,09,17,30,35,10,11
17097,2017-08-21,07,14,19,22,34,07,12
17096,2017-08-19,03,07,09,17,28,04,12
17095,2017-08-16,15,32,33,34,35,03,12
17094,2017-08-14,03,05,08,29,33,04,08
17093,2017-08-12,05,06,17,21,29,02,04
17092,2017-08-09,03,07,09,17,34,04,05
17091,2017-08-07,01,05,07,16,19,03,12
17090,2017-08-05,03,06,15,22,35,09,11
17089,2017-08-02,03,05,06,15,18,03,10
17088,2017-07-31,05,28,31,34,35,08,09
17087,2017-07-29,03,14,21,29,35,02,06
17086,2017-07-26,12,15,18,22,31,01,08
17085,2017-07-24,09,13,14,25,30,02,05
17084,2017-07-22,06,11,14,21,31,09,12
17083,2017-07-19,02,05,14,22,34,03,09
17082,2017-07-17,05,13,20,21,25,08,09
17081,2017-07-15,02,12,15,20,34,01,06
17080,2017-07-12,08,10,21,30,31,02,05
17079,2017-07-10,01,17,19,32,33,02,11
17078,2017-07-08,04,05,27,31,34,03,06
17077,2017-07-05,01,03,04,25,31,06,09
17076,2017-07-03,02,07,25,30,35,07,12
17075,2017-07-01,05,11,16,18,35,01,06
17074,2017-06-28,08,10,11,13,17,08,11
17073,2017-06-26,07,18,28,31,33,01,02
17072,2017-06-24,01,03,29,32,34,02,05
17071,2017-06-21,01,04,11,14,33,05,07
17070,2017-06-19,06,16,18,26,30,02,03
17069,2017-06-17,10,16,20,23,32,08,11
17068,2017-06-14,07,08,19,24,27,06,07
17067,2017-06-12,10,17,18,32,35,10,11
17066,2017-06-10,11,15,23,26,30,02,11
17065,2017-06-07,05,11,12,19,28,05,12
17064,2017-06-05,01,08,20,27,30,03,04
17063,2017-06-03,18,21,22,24,29,05,11
17062,2017-05-31,01,04,06,08,28,08,12
17061,2017-05-29,10,19,23,25,30,02,04
17060,2017-05-27,09,15,20,26,31,05,12
17059,2017-05-24,08,11,13,15,17,03,10
17058,2017-05-22,14,18,20,21,28,03,06
17057,2017-05-20,12,16,19,23,24,02,05
17056,2017-05-17,01,04,24,27,32,03,10
17055,2017-05-15,19,20,22,30,33,03,09
17054,2017-05-13,16,29,30,32,33,04,05
17053,2017-05-10,06,19,20,22,26,01,11
17052,2017-05-08,03,19,24,28,33,04,12
17051,2017-05-06,14,17,18,22,29,10,11
17050,2017-05-03,12,14,17,20,28,02,06
17049,2017-05-01,09,12,14,22,31,05,08
17048,2017-04-29,07,09,13,15,19,03,10
17047,2017-04-26,15,19,32,33,34,09,12
17046,2017-04-24,04,17,20,23,30,02,03
17045,2017-04-22,01,08,11,21,35,09,12
17044,2017-04-19,11,16,17,18,25,02,09
17043,2017-04-17,06,13,22,25,35,09,12
17042,2017-04-15,02,17,31,33,34,01,07
17041,2017-04-12,02,04,06,25,31,05,09
17040,2017-04-10,04,06,10,23,29,09,11
17039,2017-04-08,05,06,14,17,26,03,08
17038,2017-04-05,04,05,13,18,27,03,09
17037,2017-04-03,13,15,16,32,34,06,11
17036,2017-04-01,01,04,09,18,33,02,05
17035,2017-03-29,14,17,22,30,33,07,12
17034,2017-03-27,06,12,21,26,29,02,11
17033,2017-03-25,15,22,23,25,34,05,11
17032,2017-03-22,02,13,14,18,29,03,09
17031,2017-03-20,02,16,17,30,32,02,09
17030,2017-03-18,21,22,24,29,34,05,06
17029,2017-03-15,01,06,14,17,29,01,11
17028,2017-03-13,06,18,22,23,33,09,11
17027,2017-03-11,08,17,25,33,34,03,11
17026,2017-03-08,10,14,19,25,32,02,07
17025,2017-03-06,10,16,19,20,34,04,05
17024,2017-03-04,21,23,29,32,35,11,12
17023,2017-03-01,05,08,12,24,34,07,10
17022,2017-02-27,02,03,09,17,24,06,12
17021,2017-02-25,01,15,17,20,26,06,08
17020,2017-02-22,16,21,24,27,28,04,07
17019,2017-02-20,02,06,14,23,25,02,10
17018,2017-02-18,06,07,10,17,23,01,09
17017,2017-02-15,04,19,24,26,29,04,06
17016,2017-02-13,03,13,28,30,33,09,10
17015,2017-02-11,01,07,19,27,34,01,02
17014,2017-02-08,04,08,15,24,25,02,05
17013,2017-02-06,05,12,17,30,34,11,12
17012,2017-02-04,04,05,24,26,35,07,12
17011,2017-01-25,05,15,21,29,34,06,09
17010,2017-01-23,04,10,13,18,35,01,02
17009,2017-01-21,05,06,08,12,22,03,04
17008,2017-01-18,03,04,09,25,32,02,04
17007,2017-01-16,08,11,17,25,27,02,04
17006,2017-01-14,04,06,23,32,33,05,06
17005,2017-01-11,05,09,20,26,35,02,11
17004,2017-01-09,05,08,11,28,31,06,07
17003,2017-01-07,03,05,06,13,22,09,12
17002,2017-01-04,07,12,14,31,34,09,11
17001,2017-01-02,07,09,20,31,33,08,10
16154,2016-12-31,06,16,17,21,29,04,06
16153,2016-12-28,13,18,25,29,35,03,11
16152,2016-12-26,08,17,22,24,30,05,11
16151,2016-12-24,04,07,11,14,21,05,12
16150,2016-12-21,01,10,18,24,29,07,10
16149,2016-12-19,01,02,03,12,33,04,09
16148,2016-12-17,05,14,15,23,25,06,08
16147,2016-12-14,07,19,20,28,30,04,12
16146,2016-12-12,21,22,25,29,34,01,11
16145,2016-12-10,01,09,11,17,28,03,08
16144,2016-12-07,04,05,13,22,31,05,10
16143,2016-12-05,04,06,22,27,31,06,07
16142,2016-12-03,01,06,17,23,26,06,12
16141,2016-11-30,02,06,07,19,28,11,12
16140,2016-11-28,12,16,23,29,34,04,11
16139,2016-11-26,13,21,30,31,35,01,08
16138,2016-11-23,12,13,16,29,35,05,11
16137,2016-11-21,07,20,23,29,34,02,10
16136,2016-11-19,05,06,07,19,23,04,11
16135,2016-11-16,01,10,12,18,35,01,12
16134,2016-11-14,01,03,31,32,34,02,07
16133,2016-11-12,01,04,05,23,28,05,09
16132,2016-11-09,04,18,19,22,35,01,02
16131,2016-11-07,06,13,25,28,30,02,07
16130,2016-11-05,11,23,32,33,34,01,12
16129,2016-11-02,07,08,19,30,35,08,09
16128,2016-10-31,17,20,22,30,33,07,08
16127,2016-10-29,01,05,15,24,26,09,10
16126,2016-10-26,11,13,16,19,24,06,08
16125,2016-10-24,06,07,08,28,30,01,02
16124,2016-10-22,04,13,24,26,29,08,11
16123,2016-10-19,04,05,13,20,32,01,10
16122,2016-10-17,01,03,12,14,29,02,06
16121,2016-10-15,04,05,08,15,20,01,06
16120,2016-10-12,03,10,20,32,34,04,07
16119,2016-10-10,02,03,09,21,22,05,10
16118,2016-10-08,12,15,18,24,29,03,11
16117,2016-10-05,03,09,14,16,23,02,09
16116,2016-10-03,04,06,08,19,34,10,12
16115,2016-10-01,01,04,15,31,34,02,11
16114,2016-09-28,16,17,20,32,33,03,07
16113,2016-09-26,10,11,17,30,34,03,12
16112,2016-09-24,07,22,23,31,32,04,05
16111,2016-09-21,04,09,22,26,27,02,12
16110,2016-09-19,07,20,21,23,30,07,10
16109,2016-09-17,03,25,28,31,34,11,12
16108,2016-09-14,10,17,22,23,25,07,09
16107,2016-09-12,02,06,19,24,26,04,06
16106,2016-09-10,03,21,30,33,35,01,04
16105,2016-09-07,08,11,31,34,35,01,02
16104,2016-09-05,01,20,22,23,30,06,07
16103,2016-09-03,05,14,20,23,29,03,11
16102,2016-08-31,03,05,06,34,35,03,12
16101,2016-08-29,04,06,28,33,35,07,12
16100,2016-08-27,08,12,19,26,30,02,12
16099,2016-08-24,03,04,12,14,27,01,05
16098,2016-08-22,08,09,11,20,29,04,05
16097,2016-08-20,06,08,18,31,33,10,12
16096,2016-08-17,01,06,08,12,21,05,10
16095,2016-08-15,08,12,18,19,21,03,06
16094,2016-08-13,01,14,16,17,18,05,07
16093,2016-08-10,01,08,14,30,35,06,07
16092,2016-08-08,02,13,31,33,34,07,11
16091,2016-08-06,08,13,17,21,22,02,08
16090,2016-08-03,04,06,08,28,32,07,12
16089,2016-08-01,07,14,17,28,34,07,10
16088,2016-07-30,04,06,17,21,30,06,11
16087,2016-07-27,03,16,17,23,25,07,09
16086,2016-07-25,03,05,22,25,30,07,09
16085,2016-07-23,14,15,27,31,32,01,07
16084,2016-07-20,08,12,15,26,35,01,08
16083,2016-07-18,01,05,09,33,35,01,05
16082,2016-07-16,03,08,23,28,29,02,07
16081,2016-07-13,06,07,18,21,33,03,08
16080,2016-07-11,15,20,29,30,33,07,12
16079,2016-07-09,07,14,15,20,27,05,10
16078,2016-07-06,07,18,29,31,35,05,11
16077,2016-07-04,09,11,14,16,35,02,05
16076,2016-07-02,03,08,10,17,31,05,06
16075,2016-06-29,03,07,17,22,31,08,12
16074,2016-06-27,01,05,07,11,14,03,08
16073,2016-06-25,07,14,17,24,27,08,10
16072,2016-06-22,16,20,24,26,31,04,09
16071,2016-06-20,08,15,19,20,33,07,12
16070,2016-06-18,02,09,13,19,23,05,07
16069,2016-06-15,14,17,19,23,30,02,09
16068,2016-06-13,05,07,22,26,34,07,12
16067,2016-06-11,02,08,11,13,19,02,08
16066,2016-06-08,10,28,29,31,33,05,11
16065,2016-06-06,01,09,18,22,24,11,12
16064,2016-06-04,01,02,10,18,35,05,11
16063,2016-06-01,08,12,22,27,35,05,09
16062,2016-05-30,02,10,14,15,35,01,09
16061,2016-05-28,09,15,17,21,23,07,12
16060,2016-05-25,02,06,22,27,34,08,11
16059,2016-05-23,02,10,27,28,33,05,07
16058,2016-05-21,02,15,17,23,28,05,09
16057,2016-05-18,08,17,19,23,30,03,08
16056,2016-05-16,10,12,14,31,35,04,05
16055,2016-05-14,06,21,27,30,34,04,09
16054,2016-05-11,02,05,09,21,30,06,07
16053,2016-05-09,04,13,15,30,35,03,05
16052,2016-05-07,08,14,19,20,33,10,11
16051,2016-05-04,16,21,23,24,32,07,08
16050,2016-05-02,07,17,21,29,35,04,05
16049,2016-04-30,03,04,05,27,33,04,09
16048,2016-04-27,04,12,17,25,27,04,10
16047,2016-04-25,02,03,23,29,32,05,09
16046,2016-04-23,03,19,22,32,34,08,12
16045,2016-04-20,07,11,25,30,33,02,08
16044,2016-04-18,01,06,10,20,31,05,11
16043,2016-04-16,01,09,16,33,34,09,12
16042,2016-04-13,02,06,08,19,24,01,06
16041,2016-04-11,12,23,24,27,34,03,06
16040,2016-04-09,20,22,29,30,35,01,06
16039,2016-04-06,01,08,16,22,28,04,05
16038,2016-04-04,03,07,09,15,33,05,12
16037,2016-04-02,03,05,13,24,34,03,05
16036,2016-03-30,07,15,26,30,31,03,06
16035,2016-03-28,17,22,24,25,29,09,12
16034,2016-03-26,14,18,31,32,35,09,10
16033,2016-03-23,03,14,15,31,35,09,10
16032,2016-03-21,05,09,14,20,33,05,12
16031,2016-03-19,03,14,24,27,29,04,11
16030,2016-03-16,10,19,21,29,33,04,06
16029,2016-03-14,20,26,27,29,32,05,12
16028,2016-03-12,13,18,20,23,31,03,06
16027,2016-03-09,06,11,13,15,28,02,06
16026,2016-03-07,02,06,29,30,34,01,07
16025,2016-03-05,03,06,13,23,24,07,10
16024,2016-03-02,01,02,11,15,18,04,08
16023,2016-02-29,04,09,14,25,27,06,11
16022,2016-02-27,04,18,21,30,35,02,11
16021,2016-02-24,01,04,09,10,35,09,11
16020,2016-02-22,01,16,22,29,30,02,09
16019,2016-02-20,04,11,15,20,26,08,09
16018,2016-02-17,05,10,13,27,33,08,11
16017,2016-02-15,11,18,24,28,29,05,10
16016,2016-02-06,03,10,22,29,32,02,05
16015,2016-02-03,01,04,10,13,30,03,09
16014,2016-02-01,06,08,21,24,27,02,10
16013,2016-01-30,03,21,23,31,35,02,11
16012,2016-01-27,05,07,11,23,28,03,12
16011,2016-01-25,02,08,10,15,23,05,10
16010,2016-01-23,12,13,15,16,28,02,05
16009,2016-01-20,05,08,10,17,20,02,12
16008,2016-01-18,05,12,31,34,35,04,05
16007,2016-01-16,02,05,14,32,35,01,03
16006,2016-01-13,14,16,17,22,24,02,09
16005,2016-01-11,06,09,12,15,20,08,11
